{"init_params": {"cat_dims": [], "cat_emb_dim": 1, "cat_idxs": [1], "clip_value": 1, "device_name": "cuda", "epsilon": 1e-15, "gamma": 1.4690246460970766, "input_dim": 302, "lambda_sparse": 0, "mask_type": "entmax", "momentum": 0.02, "n_a": 16, "n_d": 16, "n_independent": 9, "n_shared": 4, "n_steps": 2, "optimizer_params": {"lr": 0.024907164557092944}, "output_dim": 1, "scheduler_params": {"T_0": 200, "T_mult": 1, "eta_min": 0.0001, "last_epoch": -1, "verbose": false}, "seed": 42, "verbose": 10}, "class_attrs": {"preds_mapper": null}}